{
  "core": {
    "color": {
      "primaryGreen": "#0A775F",
      "primaryGreenDark": "#054D3E",
      "accentOrange": "#F5A623",
      "lightOrange": "#FAE7C4",
      "yellowGold": "#FFC85A",
      "textPrimary": "#1A1A1A",
      "textSecondary": "#4A4A4A",
      "border": "#E4E4E4",
      "backgroundCard": "#FFFFFF",
      "backgroundPage": "#FAFAFA",
      "success": "#2ECC71",
      "warning": "#F39C12",
      "error": "#E74C3C"
    },
    "typography": {
      "fontFamilyPrimary": "Inter",
      "H1": {
        "size": "52px",
        "lineHeight": "1.2",
        "weight": 700
      },
      "H2": {
        "size": "40px",
        "lineHeight": "1.25",
        "weight": 700
      },
      "H3": {
        "size": "32px",
        "lineHeight": "1.3",
        "weight": 600
      },
      "H4": {
        "size": "24px",
        "lineHeight": "1.35",
        "weight": 600
      },
      "H5": {
        "size": "20px",
        "lineHeight": "1.4",
        "weight": 500
      },
      "bodyLarge": {
        "size": "18px",
        "lineHeight": "1.6",
        "weight": 400
      },
      "bodyBase": {
        "size": "16px",
        "lineHeight": "1.6",
        "weight": 400
      },
      "bodySmall": {
        "size": "14px",
        "lineHeight": "1.5",
        "weight": 400
      },
      "buttonPrimary": {
        "size": "16px",
        "lineHeight": "1.5",
        "weight": 600
      },
      "buttonSecondary": {
        "size": "16px",
        "lineHeight": "1.5",
        "weight": 500
      }
    },
    "space": {
      "xxs": "4px",
      "xs": "8px",
      "sm": "12px",
      "md": "16px",
      "lg": "20px",
      "xl": "24px",
      "2xl": "32px",
      "3xl": "40px",
      "4xl": "48px",
      "5xl": "64px",
      "6xl": "80px",
      "7xl": "96px",
      "8xl": "120px"
    },
    "radii": {
      "sm": "4px",
      "md": "8px",
      "lg": "12px",
      "xl": "16px",
      "round": "999px"
    },
    "grid": {
      "columns": 12,
      "gutter": "24px",
      "margin": "80px",
      "maxWidth": "1200px"
    }
  }
}